```
postgres=# create table table1(str char(100));
CREATE TABLE
postgres=# INSERT INTO table1(str) SELECT 'str' FROM generate_series(1,1000000);
INSERT 0 1000000
postgres=# SELECT pg_size_pretty(pg_total_relation_size('table1'));
 pg_size_pretty 
----------------
 128 MB
(1 row)

postgres=# SELECT relname, n_live_tup, n_dead_tup, trunc(100*n_dead_tup/(n_live_tup+1))::float "ratio%", last_autovacuum FROM pg_stat_user_TABLEs WHERE relname = 'table1';
 relname | n_live_tup | n_dead_tup | ratio% |        last_autovacuum        
---------+------------+------------+--------+-------------------------------
 table1  |    1000000 |          0 |      0 | 2023-07-23 13:17:51.811578+00
(1 row)

postgres=# UPDATE table1 SET str = 'str03';
UPDATE 1000000
postgres=# UPDATE table1 SET str = 'str13';
UPDATE 1000000
postgres=# UPDATE table1 SET str = 'str23';
UPDATE 1000000
postgres=# UPDATE table1 SET str = 'str33';
UPDATE 1000000
postgres=# UPDATE table1 SET str = 'str43';
UPDATE 1000000
postgres=# UPDATE table1 SET str = 'str53';
UPDATE 1000000
postgres=# UPDATE table1 SET str = 'str63';
UPDATE 1000000
postgres=# UPDATE table1 SET str = 'str73';
UPDATE 1000000
postgres=# UPDATE table1 SET str = 'str83';
UPDATE 1000000
postgres=# UPDATE table1 SET str = 'str93';
UPDATE 1000000
postgres=# SELECT relname, n_live_tup, n_dead_tup, trunc(100*n_dead_tup/(n_live_tup+1))::float "ratio%", last_autovacuum FROM pg_stat_user_TABLEs WHERE relname = 'table1';
 relname | n_live_tup | n_dead_tup | ratio% |        last_autovacuum        
---------+------------+------------+--------+-------------------------------
 table1  |    1000000 |    9999556 |    999 | 2023-07-23 13:17:51.811578+00
(1 row)

postgres=# SELECT relname, n_live_tup, n_dead_tup, trunc(100*n_dead_tup/(n_live_tup+1))::float "ratio%", last_autovacuum FROM pg_stat_user_TABLEs WHERE relname = 'table1';
 relname | n_live_tup | n_dead_tup | ratio% |        last_autovacuum        
---------+------------+------------+--------+-------------------------------
 table1  |     998459 |       1320 |      0 | 2023-07-23 13:24:14.941652+00
(1 row)

postgres=# select count(*) from table1;
  count  
---------
 1000000
(1 row)
```